b_user_id,b_checkin,b_checkout,b_device_class,b_affiliate_id,b_utrip_id,b_city_id,b_city,b_country
1024998,2024-08-01,2024-08-02,desktop,7974,1024998_1,64876,Las Vegas,United States
1024998,2024-08-02,2024-08-05,desktop,2661,1024998_1,64876,Las Vegas,United States
1024998,2024-08-05,2024-08-08,desktop,7974,1024998_1,55128,Miami,United States
1024998,2024-08-08,2024-08-10,desktop,3451,1024998_1,19444,Toronto, Canada
1024998,2024-08-10,2024-08-12,desktop,3634,1024998_1,36170,Montreal, Canada
1024998,2024-08-12,2024-08-13,desktop,2661,1024998_1,64269,Vancouver, Canada
1025043,2024-03-18,2024-03-23,desktop,1432,1025043_1,14549,Phuket,Thailand
1025043,2024-03-23,2024-03-24,desktop,2661,1025043_1,47499,Bangkok,Thailand
1025043,2024-03-24,2024-03-25,mobile,359,1025043_1,47499,Bangkok,Thailand
1025092,2024-07-15,2024-07-16,desktop,4404,1025092_1,47759,Hong Kong, Hong Kong
1025092,2024-07-17,2024-07-18,desktop,7974,1025092_1,52933,Hong Kong, Hong Kong
1025313,2024-06-04,2024-06-06,mobile,359,1025313_1,1034,Dammam, Saudi Arabia
1025313,2024-06-06,2024-06-08,mobile,359,1025313_1,60002,Riyadh, Saudi Arabia
1025313,2024-06-08,2024-06-09,mobile,359,1025313_1,43306,Montreal, Canada
102542,2024-06-15,2024-06-17,desktop,2436,102542_1,3763,New York City,United States
1025515,2024-02-15,2024-02-16,desktop,9924,1025515_2,34342,Nice, France
1025539,2024-07-23,2024-07-24,desktop,7490,1025539_2,30520,Las Vegas,United States
1025539,2024-07-24,2024-07-27,desktop,384,1025539_2,66648,Orlando,United States
1025650,2024-11-11,2024-11-15,desktop,9420,1025650_2,51259,Tokyo, Japan
1025650,2024-11-15,2024-11-18,desktop,3449,1025650_2,51259,Tokyo, Japan
1025860,2024-07-09,2024-07-12,desktop,8022,1025860_1,38677,Dallas,United States
1025860,2024-07-12,2024-07-14,desktop,3518,1025860_1,21328,Washington D.C.,United States
1025883,2024-07-18,2024-07-21,desktop,4541,1025883_1,13530,Chiang Mai, Thailand
1026072,2024-09-30,2024-10-02,desktop,10557,1026072_1,64876,Las Vegas,United States
1026072,2024-10-02,2024-10-04,desktop,2605,1026072_1,55128,Miami,United States
1026072,2024-10-04,2024-10-06,desktop,10557,1026072_1,17127,New York City,United States
1026072,2024-10-06,2024-10-07,desktop,9924,1026072_1,6788,Houston,United States
1026072,2024-10-07,2024-10-08,desktop,2463,1026072_1,9608,Washington D.C.,United States
1026205,2024-05-10,2024-05-11,desktop,9598,1026205_1,47759,Hong Kong, Hong Kong
1026205,2024-05-13,2024-05-14,desktop,5357,1026205_1,52933,Hong Kong, Hong Kong
1026288,2024-04-09,2024-04-12,desktop,9924,1026288_1,66648,Orlando,United States
1026288,2024-04-12,2024-04-13,desktop,9924,1026288_1,18417,San Francisco,United States
1026288,2024-04-13,2024-04-15,desktop,9924,1026288_1,30520,Las Vegas,United States
1026301,2024-09-09,2024-09-11,desktop,384,1026301_1,31890,Brussels, Belgium
1026301,2024-09-11,2024-09-12,desktop,384,1026301_1,55284,Brussels, Belgium
1026301,2024-09-12,2024-09-13,desktop,384,1026301_1,17438,Brussels, Belgium
102631,2024-05-31,2024-06-01,desktop,9924,102631_4,56198,Bristol, United Kingdom
1026412,2024-01-19,2024-01-20,mobile,9924,1026412_1,51999,Durban,South Africa
1026412,2024-01-21,2024-01-22,mobile,9452,1026412_1,60143,Jeju,South Africa
1026496,2024-05-29,2024-06-01,mobile,359,1026496_2,48483,New York City,United States
1026600,2024-08-12,2024-08-14,desktop,8436,1026600_1,62185,Prague, Czech Republic
1026726,2024-02-12,2024-02-13,mobile,10332,1026726_1,735,Seoul, South Korea
102679,2024-02-11,2024-02-13,desktop,7974,102679_1,26436,Cancún, Mexico
102679,2024-02-13,2024-02-14,mobile,4775,102679_1,2369,Mexico City, Mexico
102679,2024-02-14,2024-02-15,mobile,359,102679_1,26436,Cancún, Mexico
1026823,2024-07-23,2024-07-25,desktop,4404,1026823_1,26345,Bangkok,Thailand
1026823,2024-07-25,2024-07-26,desktop,9924,1026823_1,26345,Bangkok,Thailand
1027081,2024-12-22,2024-12-24,mobile,9452,1027081_1,23921,San Francisco,United States
1027081,2024-12-26,2024-12-27,mobile,9452,1027081_1,5325,Miami,United States
1027362,2024-07-19,2024-07-20,mobile,359,1027362_3,45188,Dublin, Ireland
1027362,2024-07-22,2024-07-24,mobile,359,1027362_3,36063,Mecca, Saudi Arabia
1027449,2024-10-09,2024-10-14,desktop,9924,1027449_1,28154,Sydney, Australia
1027449,2024-10-16,2024-10-18,desktop,9924,1027449_1,21929,Antalya, Turkey
1027561,2024-03-20,2024-03-21,mobile,359,1027561_1,51999,Durban,South Africa
1027561,2024-03-21,2024-03-23,mobile,359,1027561_1,8766,Cape Town,South Africa
1027576,2024-03-05,2024-03-07,desktop,9924,1027576_1,47499,Bangkok,Thailand
1027576,2024-03-07,2024-03-09,desktop,9627,1027576_1,26345,Bangkok,Thailand
10275,2024-06-30,2024-07-01,desktop,9924,10275_1,1910,Jeju,South Africa
10275,2024-07-02,2024-07-04,desktop,9924,10275_1,735,Seoul, South Korea
1027632,2024-06-02,2024-06-03,desktop,3451,1027632_1,26436,Cancún, Mexico
1027632,2024-06-03,2024-06-05,desktop,3451,1027632_1,46026,Mexico City, Mexico
1027632,2024-06-05,2024-06-07,desktop,3451,1027632_1,2369,Mexico City, Mexico
1027632,2024-06-07,2024-06-08,mobile,359,1027632_1,26436,Cancún, Mexico
1027671,2024-08-20,2024-08-23,mobile,359,1027671_2,9608,Washington D.C.,United States
1027671,2024-08-23,2024-08-24,mobile,359,1027671_2,21929,Antalya, Turkey
102777,2024-09-15,2024-09-17,desktop,384,102777_1,47378,Philadelphia,United States
102777,2024-09-18,2024-09-20,desktop,5755,102777_1,14827,Orlando,United States
1027819,2024-11-26,2024-11-27,mobile,9924,1027819_1,55,Las Vegas,United States
1027819,2024-11-28,2024-11-29,desktop,2661,1027819_1,23921,San Francisco,United States
1027838,2024-07-31,2024-08-03,desktop,1601,1027838_1,64876,Las Vegas,United States
1027838,2024-08-04,2024-08-05,desktop,1601,1027838_1,14827,Orlando,United States
1027838,2024-08-05,2024-08-07,desktop,1601,1027838_1,55128,Miami,United States
1027942,2024-06-03,2024-06-06,desktop,6744,1027942_1,29319,Los Angeles,United States
1027942,2024-06-06,2024-06-09,mobile,359,1027942_1,23921,San Francisco,United States
1027942,2024-06-09,2024-06-10,mobile,359,1027942_1,13931,Portland,United States
1028076,2024-07-17,2024-07-23,desktop,9924,1028076_1,17013,Rome, Italy
1028076,2024-07-21,2024-07-22,desktop,9924,1028076_1,9680,Florence, Italy
1028169,2024-06-30,2024-07-01,desktop,9924,1028169_4,9526,Krabi,Thailand
1054343,2024-01-12,2024-01-13,mobile,359,1054343_1,58178,Medina, Saudi Arabia
1054560,2024-06-15,2024-06-16,desktop,9924,1054560_2,66815,Orlando,United States
1036440,2024-08-12,2024-08-13,desktop,9924,1036440_1,48483,New York City,United States
1036440,2024-08-19,2024-08-20,desktop,2661,1036440_1,13931,Portland,United States
1036444,2024-04-05,2024-04-08,desktop,384,1036444_1,47759,Hong Kong, Hong Kong
1036684,2024-09-24,2024-09-26,desktop,2661,1036684_1,36073,Seoul, South Korea
1036684,2024-09-29,2024-09-30,desktop,2661,1036684_1,735,Seoul, South Korea
1036684,2024-09-30,2024-10-01,desktop,2661,1036684_1,1910,Jeju,South Africa
1036684,2024-10-01,2024-10-04,desktop,7974,1036684_1,8766,Cape Town,South Africa
1036684,2024-10-04,2024-10-06,desktop,6744,1036684_1,51999,Durban,South Africa
10367,2024-04-10,2024-04-13,desktop,5755,10367_1,3082,Chiba,Japan
10367,2024-04-13,2024-04-17,desktop,9598,10367_1,47976,Tokyo,Japan
10367,2024-04-17,2024-04-19,desktop,5755,10367_1,47976,Tokyo,Japan
10367,2024-04-19,2024-04-22,desktop,10332,10367_1,28273,Kyoto,Japan
1037136,2024-10-07,2024-10-10,mobile,3449,1037136_1,47193,Hurghada, Egypt
1037136,2024-10-13,2024-10-14,mobile,3449,1037136_1,47527,Fukuoka,Japan
1037224,2025-02-09,2025-02-11,desktop,384,1037224_1,31057,Pattaya,Thailand
1037278,2024-05-24,2024-05-27,desktop,9924,1037278_1,48483,New York City,United States
1037278,2024-05-28,2024-05-29,desktop,10332,1037278_1,55,Las Vegas,United States
1037278,2024-05-29,2024-05-30,desktop,10332,1037278_1,29319,Los Angeles,United States
1037340,2024-09-03,2024-09-05,desktop,9924,1037340_1,29770,York, United Kingdom
1037340,2024-09-05,2024-09-07,desktop,9924,1037340_1,56198,Bristol, United Kingdom
1037340,2024-09-07,2024-09-09,desktop,9924,1037340_1,44869,Edinburgh, United Kingdom
1037366,2024-07-16,2024-07-17,desktop,9924,1037366_1,18417,San Francisco,United States
1037366,2024-07-17,2024-07-18,desktop,384,1037366_1,30520,Las Vegas,United States
1037366,2024-07-19,2024-07-21,desktop,5755,1037366_1,47389,Washington D.C.,United States
1037410,2024-10-12,2024-10-13,desktop,9924,1037410_1,23714,Miami,United States
1037410,2024-10-13,2024-10-15,desktop,9924,1037410_1,30520,Las Vegas,United States
1037410,2024-10-15,2024-10-16,desktop,9924,1037410_1,18417,San Francisco,United States
1037410,2024-10-16,2024-10-19,desktop,9924,1037410_1,66648,Orlando,United States
1037555,2024-11-05,2024-11-09,mobile,359,1037555_1,2078,Amsterdam, Netherlands
1038253,2024-02-09,2024-02-11,desktop,3449,1038253_1,47527,Fukuoka,Japan
1038253,2024-02-11,2024-02-12,mobile,9452,1038253_1,47527,Fukuoka,Japan
1038349,2024-06-19,2024-06-21,desktop,4541,1038349_1,2748,Guangzhou, China
1038349,2024-06-23,2024-06-26,tablet,9627,1038349_1,46854,Shanghai, China
1038405,2024-06-14,2024-06-15,mobile,9924,1038405_2,21987,New Orleans,United States
1038405,2024-06-15,2024-06-16,mobile,9924,1038405_2,23921,San Francisco,United States
1038497,2024-12-09,2024-12-10,mobile,359,1038497_2,42356,Ha Long, Vietnam
1038659,2025-02-04,2025-02-07,desktop,7974,1038659_1,8335,Savannah,United States
1038659,2025-02-07,2025-02-09,desktop,7974,1038659_1,21328,Washington D.C.,United States
1038659,2025-02-09,2025-02-13,desktop,7974,1038659_1,48968,Honolulu,United States
1038755,2024-09-06,2024-09-09,desktop,1935,1038755_1,26235,Phuket, Thailand
1038755,2024-09-11,2024-09-13,desktop,1935,1038755_1,21480,Pattaya, Thailand
1038755,2024-09-13,2024-09-16,desktop,1935,1038755_1,13530,Chiang Mai, Thailand
1038907,2024-02-02,2024-02-05,mobile,359,1038907_1,7246,Hurghada, Egypt
1038944,2025-02-07,2025-02-10,desktop,8436,1038944_1,34342,Nice, France
1038944,2025-02-10,2025-02-11,desktop,8436,1038944_1,6582,Paris, France
1039219,2024-08-02,2024-08-05,desktop,9924,1039219_3,62185,Prague, Czech Republic
1039338,2024-02-07,2024-02-12,desktop,9924,1039338_1,26436,Cancún, Mexico
1039338,2024-02-12,2024-02-14,desktop,9924,1039338_1,2369,Mexico City, Mexico
103933,2024-09-16,2024-09-17,desktop,9924,103933_2,1034,Dammam, Saudi Arabia
103958,2024-09-21,2024-09-25,desktop,384,103958_1,46854,Shanghai, China
103958,2024-09-28,2024-09-29,desktop,384,103958_1,22065,Beijing, China
1039597,2024-09-14,2024-09-16,mobile,359,1039597_1,2416,Cairo, Egypt
1039597,2024-09-16,2024-09-19,desktop,1593,1039597_1,28479,Cairo, Egypt
1039597,2024-09-19,2024-09-23,mobile,359,1039597_1,47193,Hurghada, Egypt
1039598,2024-07-29,2024-08-08,mobile,359,1039598_3,47499,Bangkok,Thailand
1039672,2024-06-15,2024-06-18,tablet,3631,1039672_3,63151,Venice, Italy
1039861,2024-09-22,2024-09-24,desktop,384,1039861_2,66648,Orlando,United States
1039861,2024-09-24,2024-09-25,desktop,384,1039861_2,18417,San Francisco,United States
1039861,2024-09-25,2024-09-26,desktop,384,1039861_2,30520,Las Vegas,United States
1039869,2024-07-10,2024-07-11,desktop,3467,1039869_1,62185,Prague, Czech Republic
1039897,2024-04-19,2024-04-22,desktop,9627,1039897_1,66648,Orlando,United States
1039897,2024-04-22,2024-04-24,desktop,10332,1039897_1,18417,San Francisco,United States
1039897,2024-04-24,2024-04-26,desktop,10332,1039897_1,30520,Las Vegas,United States
1039982,2024-08-31,2024-09-02,desktop,5940,1039982_1,51291,Los Angeles,United States
1040249,2025-01-19,2025-01-27,desktop,9924,1040249_1,55763,Vienna, Austria
1040514,2024-05-02,2024-05-04,desktop,384,1040514_1,13530,Chiang Mai, Thailand
1040514,2024-05-04,2024-05-07,desktop,9924,1040514_1,26235,Phuket, Thailand
104057,2024-07-26,2024-07-30,desktop,9924,104057_2,31057,Pattaya,Thailand
104057,2024-07-30,2024-08-03,desktop,9924,104057_2,26345,Bangkok,Thailand
1040795,2024-09-20,2024-09-21,desktop,9924,1040795_1,43306,Montreal, Canada
1041020,2024-04-09,2024-04-11,desktop,9924,1041020_1,10485,Chiang Mai,Thailand
1041020,2024-04-11,2024-04-14,desktop,7974,1041020_1,14549,Phuket,Thailand
1041206,2024-09-24,2024-09-25,desktop,2661,1041206_1,48483,New York City,United States
1041206,2024-09-25,2024-09-26,desktop,2661,1041206_1,55,Las Vegas,United States
1041206,2024-09-26,2024-09-27,desktop,2661,1041206_1,29319,Los Angeles,United States
1041206,2024-09-27,2024-09-28,desktop,2661,1041206_1,23921,San Francisco,United States
1041206,2024-09-28,2024-09-29,desktop,2661,1041206_1,8750,Houston,United States
1041206,2024-09-29,2024-09-30,desktop,2661,1041206_1,22175,Philadelphia,United States
1041206,2024-09-30,2024-10-05,desktop,2661,1041206_1,13931,Portland,United States
1041507,2024-11-03,2024-11-04,mobile,8132,1041507_1,36063,Mecca, Saudi Arabia
1030643,2024-06-25,2024-06-27,mobile,6041,1030643_1,47499,Bangkok,Thailand
1030643,2024-06-27,2024-06-28,mobile,359,1030643_1,14549,Phuket,Thailand
1030759,2024-09-19,2024-09-20,tablet,9924,1030759_1,40521,Boston,United States
1031064,2024-11-08,2024-11-11,desktop,9924,1031064_1,47759,Hong Kong, Hong Kong
1031064,2024-11-11,2024-11-13,desktop,9924,1031064_1,52933,Hong Kong, Hong Kong
1031243,2024-10-27,2024-10-29,desktop,8436,1031243_5,21033,Atlanta,United States
1031360,2024-07-25,2024-07-27,desktop,9924,1031360_1,62541,Dallas,United States
1031360,2024-07-27,2024-07-29,desktop,9924,1031360_1,22490,San Jose,United States
103154,2024-09-06,2024-09-11,mobile,359,103154_1,4932,Florence, Italy
103154,2024-09-11,2024-09-13,mobile,359,103154_1,60222,Milan, Italy
1031558,2024-08-23,2024-08-25,desktop,9924,1031558_1,21480,Pattaya, Thailand
1031655,2025-01-05,2025-01-06,desktop,9924,1031655_6,25025,Johannesburg,South Africa
1031655,2025-01-11,2025-01-15,desktop,9924,1031655_6,31890,Brussels, Belgium
1031806,2024-04-01,2024-04-02,desktop,9924,1031806_2,29770,York, United Kingdom
1031806,2024-04-06,2024-04-07,desktop,9924,1031806_2,60274,Jakarta, Indonesia
1032060,2024-09-22,2024-09-23,desktop,1601,1032060_1,47759,Hong Kong, Hong Kong
1032060,2024-09-26,2024-09-27,desktop,9924,1032060_1,52933,Hong Kong, Hong Kong
1032060,2024-09-28,2024-09-29,desktop,9924,1032060_1,47759,Hong Kong, Hong Kong
1032068,2024-11-06,2024-11-08,desktop,3449,1032068_1,52815,Barcelona, Spain
1032068,2024-11-08,2024-11-11,mobile,9452,1032068_1,52815,Barcelona, Spain
103263,2024-10-28,2024-10-30,mobile,9452,103263_1,51135,Bangalore, India
1032901,2024-06-18,2024-06-20,tablet,9924,1032901_1,44869,Edinburgh, United Kingdom
1032923,2024-04-21,2024-04-22,mobile,9924,1032923_1,37689,Riyadh, Saudi Arabia
1032923,2024-04-24,2024-04-25,mobile,9924,1032923_1,19444,Toronto, Canada
1032923,2024-04-25,2024-04-26,mobile,9924,1032923_1,36170,Montreal, Canada
1032923,2024-04-26,2024-04-27,mobile,9924,1032923_1,64269,Vancouver, Canada
1032923,2024-04-27,2024-04-29,mobile,9924,1032923_1,29770,York, United Kingdom
1033333,2024-09-19,2024-09-22,desktop,9924,1033333_3,12308,Jaipur, India
1033353,2024-10-21,2024-10-22,mobile,8436,1033353_1,2416,Cairo, Egypt
1033357,2024-05-16,2024-05-17,tablet,9924,1033357_1,60002,Riyadh, Saudi Arabia
1033436,2024-09-03,2024-09-05,desktop,3449,1033436_2,36063,Mecca, Saudi Arabia
1033719,2024-12-19,2024-12-22,desktop,7360,1033719_4,6582,Paris, France
1033719,2024-12-30,2025-01-01,desktop,5121,1033719_4,6582,Paris, France
1033773,2025-01-25,2025-01-28,desktop,116,1033773_2,8766,Cape Town,South Africa
1033773,2025-01-28,2025-01-30,desktop,7974,1033773_2,51999,Durban,South Africa
1033773,2025-01-30,2025-02-01,desktop,7974,1033773_2,1910,Jeju,South Africa
10338,2025-01-19,2025-01-20,desktop,10045,10338_1,46258,London, United Kingdom
10338,2025-01-20,2025-01-21,desktop,3451,10338_1,29770,York, United Kingdom
10338,2025-01-21,2025-01-22,desktop,3451,10338_1,55196,Muğla, Turkey
10338,2025-01-23,2025-01-26,desktop,10045,10338_1,21929,Antalya, Turkey
103401,2024-04-01,2024-04-02,desktop,9924,103401_1,65322,Boston,United States
103401,2024-04-04,2024-04-05,desktop,9924,103401_1,23921,San Francisco,United States
10341,2025-01-12,2025-01-16,desktop,3724,10341_1,47499,Bangkok,Thailand
10341,2025-01-16,2025-01-23,desktop,4568,10341_1,10485,Chiang Mai,Thailand
10341,2025-01-23,2025-01-26,desktop,8094,10341_1,9526,Krabi,Thailand
1034376,2024-07-16,2024-07-18,mobile,359,1034376_3,23921,San Francisco,United States
1034482,2024-05-06,2024-05-08,desktop,797,1034482_1,9608,Washington D.C.,United States
1034482,2024-05-08,2024-05-11,desktop,797,1034482_1,55128,Miami,United States
1034507,2024-05-01,2024-05-02,desktop,384,1034507_1,47389,Washington D.C.,United States
1034507,2024-05-03,2024-05-05,desktop,384,1034507_1,66648,Orlando,United States
1034507,2024-05-05,2024-05-07,desktop,384,1034507_1,18417,San Francisco,United States
1034507,2024-05-07,2024-05-10,desktop,384,1034507_1,30520,Las Vegas,United States
1034518,2024-08-14,2024-08-19,mobile,9924,1034518_1,3082,Chiba,Japan
1034518,2024-08-19,2024-08-23,mobile,9924,1034518_1,47976,Tokyo,Japan
1034518,2024-08-25,2024-08-27,mobile,9924,1034518_1,15990,Osaka,Japan
1034518,2024-08-29,2024-09-01,mobile,9924,1034518_1,2612,Fukuoka,Japan
1034596,2024-06-06,2024-06-08,desktop,384,1034596_1,66648,Orlando,United States
1034596,2024-06-08,2024-06-10,desktop,384,1034596_1,18417,San Francisco,United States
1034596,2024-06-10,2024-06-12,desktop,384,1034596_1,30520,Las Vegas,United States
1034724,2024-06-09,2024-06-11,mobile,359,1034724_1,29770,York, United Kingdom
1034724,2024-06-11,2024-06-12,mobile,359,1034724_1,46258,London, United Kingdom
1034724,2024-06-14,2024-06-17,mobile,359,1034724_1,21929,Antalya, Turkey
1034724,2024-06-17,2024-06-19,mobile,359,1034724_1,16521,Kuala Lumpur, Malaysia
1034724,2024-06-19,2024-06-20,mobile,359,1034724_1,63418,Johor Bahru, Malaysia
1034857,2024-05-04,2024-05-05,desktop,4541,1034857_1,13530,Chiang Mai, Thailand
1035265,2024-06-25,2024-07-01,mobile,359,1035265_2,64876,Las Vegas,United States
1035280,2024-10-11,2024-10-13,desktop,384,1035280_1,18417,San Francisco,United States
1035280,2024-10-13,2024-10-15,desktop,384,1035280_1,30520,Las Vegas,United States
1035280,2024-10-15,2024-10-17,desktop,384,1035280_1,23714,Miami,United States
1035340,2024-07-06,2024-07-08,mobile,359,1035340_1,26436,Cancún, Mexico
1035610,2025-02-13,2025-02-16,desktop,3179,1035610_1,29319,Los Angeles,United States
1035610,2025-02-18,2025-02-19,desktop,4541,1035610_1,23921,San Francisco,United States
1035687,2024-07-30,2024-08-06,mobile,359,1035687_1,27404,Chicago,United States
1035687,2024-08-06,2024-08-10,mobile,359,1035687_1,38677,Dallas,United States
1035687,2024-08-12,2024-08-13,mobile,359,1035687_1,8335,Savannah,United States
1035691,2024-08-16,2024-08-17,mobile,359,1035691_2,56198,Bristol, United Kingdom
1035717,2024-03-01,2024-03-03,desktop,2311,1035717_1,2416,Cairo, Egypt
1035717,2024-03-03,2024-03-06,desktop,7097,1035717_1,28479,Cairo, Egypt
1035746,2024-08-09,2024-08-10,mobile,359,1035746_1,53859,Manchester, United Kingdom
1035930,2024-09-06,2024-09-08,desktop,82,1035930_2,23921,San Francisco,United States
1035940,2024-07-28,2024-07-29,mobile,359,1035940_1,32821,Pitsburg,United States
100636,2024-06-29,2024-07-01,desktop,2230,100636_2,30520,Las Vegas,United States
100641,2024-09-16,2024-09-17,desktop,9924,100641_1,23921,San Francisco,United States
1006514,2024-09-23,2024-09-26,desktop,9924,1006514_1,36063,Mecca, Saudi Arabia
1006514,2024-09-26,2024-09-28,desktop,4959,1006514_1,60274,Jakarta, Indonesia
1006514,2024-09-29,2024-09-30,mobile,359,1006514_1,36063,Mecca, Saudi Arabia
1006514,2024-09-30,2024-10-03,desktop,9924,1006514_1,21929,Antalya, Turkey
100656,2024-05-16,2024-05-19,desktop,9924,100656_1,55763,Vienna, Austria
1006635,2025-01-07,2025-01-09,desktop,384,1006635_1,47499,Bangkok,Thailand
1006665,2024-11-24,2024-11-26,desktop,9970,1006665_1,735,Seoul, South Korea
1006665,2024-11-26,2024-11-28,desktop,9970,1006665_1,8766,Cape Town,South Africa
1006665,2024-11-28,2024-11-29,desktop,9970,1006665_1,51999,Durban,South Africa
1006718,2024-09-11,2024-09-14,desktop,4541,1006718_4,21929,Antalya, Turkey
1006880,2024-07-02,2024-07-04,desktop,2661,1006880_1,48968,Honolulu,United States
1006880,2024-07-05,2024-07-06,desktop,8225,1006880_1,21328,Washington D.C.,United States
1007020,2025-01-23,2025-01-25,mobile,359,1007020_2,26436,Cancún, Mexico
1007020,2025-01-26,2025-01-27,mobile,359,1007020_2,19448,Cancún, Mexico
1007020,2025-01-27,2025-01-29,mobile,359,1007020_2,46026,Mexico City, Mexico
1007020,2025-01-29,2025-01-31,mobile,359,1007020_2,2369,Mexico City, Mexico
1007156,2024-04-24,2024-04-25,desktop,7974,1007156_1,52818,Liverpool, United Kingdom
1007291,2024-07-01,2024-07-03,desktop,9924,1007291_1,53207,Berlin, Germany
1007390,2024-09-24,2024-09-29,mobile,9452,1007390_2,27404,Chicago,United States
1007444,2024-10-12,2024-10-13,desktop,8436,1007444_1,13530,Chiang Mai, Thailand
1007444,2024-10-14,2024-10-15,desktop,8436,1007444_1,26235,Phuket, Thailand
1007642,2024-06-13,2024-06-14,mobile,9136,1007642_2,55128,Miami,United States
1007642,2024-06-15,2024-06-16,mobile,5800,1007642_2,40521,Boston,United States
1007743,2024-08-17,2024-08-18,mobile,9471,1007743_1,47499,Bangkok,Thailand
1007755,2024-06-09,2024-06-10,desktop,2436,1007755_2,55196,Muğla, Turkey
1008027,2024-08-24,2024-08-27,desktop,9598,1008027_1,2416,Cairo, Egypt
1008027,2024-08-27,2024-09-01,desktop,3449,1008027_1,28479,Cairo, Egypt
1008035,2024-07-30,2024-08-02,mobile,9452,1008035_1,47976,Tokyo,Japan
1008035,2024-08-02,2024-08-05,mobile,9452,1008035_1,15990,Osaka,Japan
1008035,2024-08-05,2024-08-10,desktop,9924,1008035_1,28273,Kyoto,Japan
1008035,2024-08-10,2024-08-11,mobile,9452,1008035_1,28273,Kyoto,Japan
1008281,2024-10-06,2024-10-07,mobile,8436,1008281_1,45188,Dublin, Ireland
1008281,2024-10-09,2024-10-10,mobile,872,1008281_1,56198,Bristol, United Kingdom
1008331,2024-10-26,2024-10-29,desktop,9924,1008331_3,36063,Mecca, Saudi Arabia
1008331,2024-10-29,2024-10-30,mobile,359,1008331_3,1034,Dammam, Saudi Arabia
1008331,2024-10-30,2024-11-01,mobile,359,1008331_3,36063,Mecca, Saudi Arabia
100843,2024-02-21,2024-02-23,desktop,384,100843_1,18417,San Francisco,United States
100843,2024-02-23,2024-02-25,desktop,384,100843_1,66648,Orlando,United States
1008464,2024-08-31,2024-09-05,desktop,9924,1008464_1,47499,Bangkok,Thailand
1008464,2024-09-05,2024-09-09,desktop,9924,1008464_1,62611,Ho Chi Minh City, Vietnam
1008823,2024-08-05,2024-08-08,mobile,9452,1008823_1,52815,Barcelona, Spain
1008823,2024-08-11,2024-08-13,mobile,359,1008823_1,33022,Madrid, Spain
1008837,2024-04-28,2024-04-29,desktop,384,1008837_1,18417,San Francisco,United States
1008837,2024-04-29,2024-04-30,desktop,384,1008837_1,66648,Orlando,United States
1009142,2024-07-19,2024-07-22,desktop,384,1009142_1,47499,Bangkok,Thailand
1009142,2024-07-25,2024-07-26,mobile,9452,1009142_1,10485,Chiang Mai,Thailand
1009197,2024-08-09,2024-08-16,desktop,10332,1009197_3,34342,Nice, France
1009242,2024-02-01,2024-02-02,mobile,359,1009242_1,14549,Phuket,Thailand
1009298,2025-01-19,2025-01-21,mobile,359,1009298_2,6582,Paris, France
1009519,2024-07-11,2024-07-14,desktop,6543,1009519_2,47486,Kyoto,Japan
1009519,2024-07-14,2024-07-16,desktop,5755,1009519_2,3082,Chiba,Japan
1009519,2024-07-18,2024-07-22,desktop,5755,1009519_2,47976,Tokyo,Japan
1009560,2024-07-01,2024-07-13,mobile,359,1009560_1,51259,Tokyo, Japan
1009560,2024-07-24,2024-08-18,mobile,359,1009560_2,51259,Tokyo, Japan
1009921,2024-11-08,2024-11-17,mobile,359,1009921_3,2416,Cairo, Egypt
1009938,2024-07-28,2024-07-31,desktop,384,1009938_1,20345,San Francisco,United States
1009938,2024-08-01,2024-08-03,desktop,384,1009938_1,28829,Honolulu,United States
1009938,2024-08-04,2024-08-07,desktop,384,1009938_1,22490,San Jose,United States
1010345,2024-09-30,2024-10-03,mobile,934,1010345_1,16521,Kuala Lumpur, Malaysia
1010345,2024-10-03,2024-10-04,mobile,934,1010345_1,63418,Johor Bahru, Malaysia
101040,2024-09-26,2024-09-28,desktop,9924,101040_2,47759,Hong Kong, Hong Kong
101040,2024-10-04,2024-10-05,desktop,9924,101040_2,52933,Hong Kong, Hong Kong
101078,2024-05-24,2024-05-26,mobile,359,101078_1,52815,Barcelona, Spain
1010808,2024-08-12,2024-08-17,desktop,3449,1010808_2,29770,York, United Kingdom
1010959,2024-06-13,2024-06-14,desktop,7974,1010959_1,17013,Rome, Italy
1011143,2024-07-05,2024-07-08,desktop,384,1011143_1,47527,Fukuoka,Japan
1011143,2024-07-12,2024-07-14,desktop,8436,1011143_1,47486,Kyoto,Japan
1011248,2024-09-08,2024-09-10,tablet,3631,1011248_2,3763,New York City,United States
1011248,2024-09-10,2024-09-11,mobile,9452,1011248_2,58178,Medina, Saudi Arabia
1011248,2024-09-12,2024-09-14,tablet,3631,1011248_2,26235,Phuket, Thailand
1011278,2024-05-28,2024-06-01,desktop,4613,1011278_1,16521,Kuala Lumpur, Malaysia
1011278,2024-06-01,2024-06-02,desktop,2230,1011278_1,63418,Johor Bahru, Malaysia
1011409,2024-08-01,2024-08-06,desktop,1951,1011409_2,47499,Bangkok,Thailand
1011409,2024-08-06,2024-08-08,desktop,9924,1011409_2,10485,Chiang Mai,Thailand
1011409,2025-01-23,2025-01-28,mobile,7973,1011409_4,36063,Mecca, Saudi Arabia
1011409,2025-01-28,2025-01-29,mobile,7973,1011409_4,3763,New York City,United States
1011409,2025-01-29,2025-01-31,desktop,7973,1011409_4,18417,San Francisco,United States
1011531,2024-12-07,2024-12-08,mobile,359,1011531_1,51291,Los Angeles,United States
1011531,2024-12-08,2024-12-10,mobile,359,1011531_1,26235,Phuket, Thailand
1000441,2024-05-29,2024-06-01,desktop,9924,1000441_1,47759,Hong Kong, Hong Kong
1000441,2024-06-02,2024-06-03,desktop,9924,1000441_1,52933,Hong Kong, Hong Kong
100048,2024-05-23,2024-05-25,tablet,9924,100048_1,26235,Phuket, Thailand
1000543,2024-11-01,2024-11-02,desktop,1432,1000543_1,46258,London, United Kingdom
1000543,2024-11-04,2024-11-06,desktop,1432,1000543_1,44869,Edinburgh, United Kingdom
1000558,2024-07-17,2024-07-19,mobile,359,1000558_1,48483,New York City,United States
1000558,2024-07-20,2024-07-21,desktop,9924,1000558_1,5325,Miami,United States
1000558,2024-07-22,2024-07-23,mobile,359,1000558_1,55,Las Vegas,United States
1000558,2024-07-23,2024-07-25,desktop,9924,1000558_1,29319,Los Angeles,United States
1000558,2024-07-27,2024-07-28,desktop,9924,1000558_1,66815,Orlando,United States
1000732,2024-04-24,2024-04-25,desktop,3110,1000732_1,17127,New York City,United States
1000732,2024-04-25,2024-04-26,desktop,10332,1000732_1,55128,Miami,United States
1000732,2024-04-26,2024-04-28,desktop,9627,1000732_1,64876,Las Vegas,United States
1000732,2024-04-28,2024-04-29,desktop,10332,1000732_1,64876,Las Vegas,United States
1000921,2024-12-21,2024-12-23,mobile,359,1000921_3,6582,Paris, France
1001588,2024-06-28,2024-07-05,mobile,359,1001588_2,51517,Dubai, United Arab Emirates
1001591,2024-07-01,2024-07-03,desktop,9924,1001591_2,3763,New York City,United States
1001591,2024-07-03,2024-07-05,desktop,9924,1001591_2,26235,Phuket, Thailand
1001591,2024-07-06,2024-07-08,desktop,9924,1001591_2,64876,Las Vegas,United States
1001591,2024-07-08,2024-07-10,desktop,9924,1001591_2,16521,Kuala Lumpur, Malaysia
1001597,2024-10-11,2024-10-13,mobile,359,1001597_3,66815,Orlando,United States
1001597,2024-10-14,2024-10-17,desktop,2230,1001597_3,23921,San Francisco,United States
100186,2024-04-30,2024-05-02,desktop,9924,100186_1,26235,Phuket, Thailand
100186,2024-05-03,2024-05-05,desktop,8094,100186_1,21480,Pattaya, Thailand
100197,2024-08-15,2024-08-16,mobile,359,100197_2,58819,Los Angeles,United States
1002056,2024-08-05,2024-08-08,desktop,9924,1002056_2,29907,Istanbul, Turkey
1002092,2024-07-10,2024-07-12,desktop,7974,1002092_1,12308,Jaipur, India
1002092,2024-07-12,2024-07-14,desktop,2661,1002092_1,64824,Kolkata, India
1002092,2024-07-16,2024-07-18,desktop,2661,1002092_1,51135,Bangalore, India
1002303,2024-08-29,2024-08-31,desktop,9924,1002303_2,2748,Guangzhou, China
1002561,2024-03-11,2024-03-12,desktop,384,1002561_1,55128,Miami,United States
100257,2024-08-06,2024-08-10,desktop,9924,100257_1,17013,Rome, Italy
100257,2024-08-10,2024-08-12,desktop,9924,100257_1,60222,Milan, Italy
1002625,2024-09-23,2024-09-30,desktop,9924,1002625_1,51259,Tokyo, Japan
1002625,2024-09-30,2024-10-06,mobile,1025,1002625_1,51259,Tokyo, Japan
1002740,2024-09-09,2024-09-12,desktop,9924,1002740_1,47499,Bangkok,Thailand
1002740,2024-09-12,2024-09-16,desktop,9924,1002740_1,14549,Phuket,Thailand
1002760,2024-09-04,2024-09-07,desktop,9924,1002760_1,23921,San Francisco,United States
1002760,2024-09-09,2024-09-12,desktop,9924,1002760_1,48483,New York City,United States
1002760,2024-09-12,2024-09-13,desktop,9924,1002760_1,5325,Miami,United States
1002760,2024-09-13,2024-09-15,desktop,9924,1002760_1,55,Las Vegas,United States
1002760,2024-09-15,2024-09-17,desktop,9924,1002760_1,29319,Los Angeles,United States
1003040,2024-09-27,2024-09-28,desktop,9924,1003040_3,23714,Miami,United States
1003040,2024-09-28,2024-09-30,desktop,9924,1003040_3,30520,Las Vegas,United States
1003040,2024-09-30,2024-10-02,mobile,359,1003040_3,26235,Phuket, Thailand
1003040,2024-10-02,2024-10-03,desktop,9924,1003040_3,3763,New York City,United States
1003630,2024-07-22,2024-07-25,desktop,9924,1003630_1,48483,New York City,United States
1003645,2024-07-21,2024-07-23,desktop,99,1003645_1,55128,Miami,United States
1003645,2024-07-25,2024-07-27,desktop,2526,1003645_1,14827,Orlando,United States
1003678,2024-07-23,2024-07-30,mobile,359,1003678_1,48483,New York City,United States
1003678,2024-07-30,2024-07-31,mobile,359,1003678_1,5325,Miami,United States
1003678,2024-08-02,2024-08-03,mobile,359,1003678_1,55,Las Vegas,United States
1003678,2024-08-03,2024-08-13,mobile,359,1003678_1,29319,Los Angeles,United States
1003678,2024-08-09,2024-08-12,mobile,359,1003678_1,23921,San Francisco,United States
1003678,2024-08-13,2024-08-15,mobile,359,1003678_1,66815,Orlando,United States
1003775,2024-06-27,2024-06-29,desktop,9924,1003775_1,29319,Los Angeles,United States
1003775,2024-06-29,2024-07-01,mobile,5357,1003775_1,66815,Orlando,United States
1003775,2024-07-05,2024-07-06,mobile,5357,1003775_1,5325,Miami,United States
1003919,2024-07-05,2024-07-09,desktop,3449,1003919_1,51291,Los Angeles,United States
1003919,2024-07-09,2024-07-12,desktop,3449,1003919_1,3763,New York City,United States
1003919,2024-07-14,2024-07-17,mobile,359,1003919_1,36063,Mecca, Saudi Arabia
1003983,2024-05-04,2024-05-07,desktop,384,1003983_1,62185,Prague, Czech Republic
1004021,2024-03-24,2024-03-25,desktop,4797,1004021_2,19771,Johannesburg,South Africa
1004021,2024-03-25,2024-03-29,desktop,5357,1004021_2,2078,Amsterdam, Netherlands
1004050,2024-07-25,2024-07-29,mobile,7974,1004050_1,62611,Ho Chi Minh City, Vietnam
1004131,2024-09-30,2024-10-01,mobile,359,1004131_2,53859,Manchester, United Kingdom
1004131,2024-10-02,2024-10-03,mobile,359,1004131_2,29770,York, United Kingdom
1004131,2024-10-04,2024-10-05,mobile,359,1004131_2,52818,Liverpool, United Kingdom
100414,2024-10-22,2024-10-24,tablet,9924,100414_2,31057,Pattaya,Thailand
100414,2024-10-25,2024-10-28,tablet,9924,100414_2,10485,Chiang Mai,Thailand
1004251,2024-12-24,2024-12-26,mobile,359,1004251_3,51291,Los Angeles,United States
1004251,2024-12-26,2024-12-29,mobile,359,1004251_3,26235,Phuket, Thailand
1004251,2024-12-29,2024-12-30,mobile,359,1004251_3,66648,Orlando,United States
1004251,2024-12-30,2025-01-01,mobile,359,1004251_3,23714,Miami,United States
1004444,2024-09-04,2024-09-06,desktop,9924,1004444_1,20345,San Francisco,United States
1004444,2024-09-08,2024-09-09,desktop,2436,1004444_1,28829,Honolulu,United States
1004745,2024-07-16,2024-07-18,desktop,9924,1004745_1,60274,Jakarta, Indonesia
1004745,2024-07-18,2024-07-20,desktop,9924,1004745_1,36063,Mecca, Saudi Arabia
1004745,2024-07-20,2024-07-22,mobile,6271,1004745_1,9608,Washington D.C.,United States
1013298,2024-11-09,2024-11-10,desktop,3634,1013298_1,16521,Kuala Lumpur, Malaysia
1013694,2024-05-29,2024-05-30,mobile,9924,1013694_3,19444,Toronto, Canada
1013694,2024-05-30,2024-05-31,mobile,9924,1013694_3,64269,Vancouver, Canada
1013837,2024-08-03,2024-08-06,tablet,4541,1013837_1,26235,Phuket, Thailand
1013968,2024-08-19,2024-08-21,desktop,4797,1013968_1,23921,San Francisco,United States
1013968,2024-08-23,2024-08-24,desktop,8436,1013968_1,65322,Boston,United States
1013968,2024-08-28,2024-08-30,desktop,384,1013968_1,29319,Los Angeles,United States
1013968,2024-08-31,2024-09-01,desktop,384,1013968_1,55,Las Vegas,United States
1013968,2024-09-01,2024-09-02,desktop,384,1013968_1,5325,Miami,United States
1013995,2024-10-31,2024-11-01,desktop,774,1013995_1,47499,Bangkok,Thailand
1014088,2024-07-27,2024-07-30,desktop,9924,1014088_1,47976,Tokyo,Japan
1014088,2024-07-30,2024-08-01,mobile,359,1014088_1,15990,Osaka,Japan
1014175,2024-05-04,2024-05-05,desktop,2661,1014175_1,55128,Miami,United States
1014175,2024-10-03,2024-10-04,desktop,2661,1014175_2,19448,Cancún, Mexico
1014175,2024-10-06,2024-10-07,mobile,359,1014175_2,2369,Mexico City, Mexico
1014208,2024-08-09,2024-08-10,mobile,359,1014208_1,25025,Johannesburg,South Africa
1014208,2024-08-10,2024-08-12,desktop,9924,1014208_1,25025,Johannesburg,South Africa
1014390,2024-01-21,2024-01-22,desktop,9924,1014390_1,51517,Dubai, United Arab Emirates
1014390,2024-01-22,2024-01-23,desktop,797,1014390_1,51517,Dubai, United Arab Emirates
1014520,2024-06-02,2024-06-03,tablet,3631,1014520_2,20345,San Francisco,United States
1014639,2024-08-05,2024-08-07,desktop,8436,1014639_1,47499,Bangkok,Thailand
1014639,2024-08-11,2024-08-13,desktop,8436,1014639_2,10485,Chiang Mai,Thailand
1014639,2024-08-15,2024-08-16,desktop,8436,1014639_2,47499,Bangkok,Thailand
1014639,2024-08-16,2024-08-18,desktop,8436,1014639_2,31057,Pattaya,Thailand
1014639,2024-08-18,2024-08-20,desktop,8436,1014639_2,26345,Bangkok,Thailand
1014776,2024-02-14,2024-02-15,mobile,359,1014776_1,26436,Cancún, Mexico
1014776,2024-02-17,2024-02-19,mobile,359,1014776_1,46026,Mexico City, Mexico
1014802,2024-10-15,2024-10-16,mobile,7539,1014802_1,16047,San Jose,United States
1014967,2024-05-03,2024-05-05,desktop,9924,1014967_1,17127,New York City,United States
1014967,2024-05-05,2024-05-08,desktop,9924,1014967_1,58178,Medina, Saudi Arabia
1014967,2024-05-08,2024-05-11,mobile,359,1014967_1,40521,Boston,United States
1014967,2024-05-11,2024-05-15,mobile,359,1014967_1,64876,Las Vegas,United States
1014967,2024-05-15,2024-05-18,mobile,359,1014967_1,382,Chicago,United States
1014967,2024-05-18,2024-05-19,mobile,359,1014967_1,55128,Miami,United States
1014967,2024-05-24,2024-05-25,mobile,359,1014967_1,29907,Istanbul, Turkey
1014967,2024-05-25,2024-05-28,desktop,9924,1014967_1,21929,Antalya, Turkey
1014972,2024-06-24,2024-06-28,desktop,9924,1014972_1,17013,Rome, Italy
1014972,2024-06-28,2024-06-30,desktop,7974,1014972_1,63151,Venice, Italy
1015053,2024-04-30,2024-05-02,desktop,353,1015053_2,64269,Vancouver, Canada
1015342,2024-08-19,2024-08-20,desktop,384,1015342_2,37689,Riyadh, Saudi Arabia
101548,2024-12-24,2024-12-25,mobile,9924,101548_1,7410,Amsterdam, Netherlands
101548,2024-12-27,2024-12-28,mobile,9452,101548_1,2078,Amsterdam, Netherlands
1015510,2024-06-07,2024-06-09,desktop,6369,1015510_1,2748,Guangzhou, China
1015528,2024-04-26,2024-04-27,desktop,3417,1015528_1,65322,Boston,United States
1015528,2024-04-27,2024-04-28,desktop,3417,1015528_1,22175,Philadelphia,United States
1015688,2024-01-24,2024-01-25,desktop,3449,1015688_1,52815,Barcelona, Spain
1015843,2024-11-20,2024-11-23,desktop,9924,1015843_1,44869,Edinburgh, United Kingdom
1015843,2024-11-23,2024-11-25,desktop,9924,1015843_1,16521,Kuala Lumpur, Malaysia
1015843,2024-11-25,2024-11-27,desktop,9924,1015843_1,21929,Antalya, Turkey
1015843,2024-11-27,2024-11-30,desktop,9924,1015843_1,28154,Sydney, Australia
1016113,2024-08-21,2024-08-25,desktop,6262,1016113_1,47527,Fukuoka,Japan
1016113,2024-09-03,2024-09-07,desktop,9924,1016113_1,47976,Tokyo,Japan
1016787,2024-06-18,2024-06-19,desktop,1601,1016787_2,52933,Hong Kong, Hong Kong
1017057,2024-03-28,2024-03-30,desktop,2449,1017057_1,14549,Phuket,Thailand
1017057,2024-03-30,2024-04-01,desktop,2661,1017057_1,31057,Pattaya,Thailand
1017057,2024-04-01,2024-04-02,desktop,2661,1017057_1,14549,Phuket,Thailand
1017127,2024-05-18,2024-05-20,mobile,9452,1017127_7,21929,Antalya, Turkey
1017154,2024-08-13,2024-08-17,mobile,359,1017154_1,29770,York, United Kingdom
1017274,2024-04-20,2024-04-21,tablet,9924,1017274_1,58178,Medina, Saudi Arabia
1017274,2024-07-12,2024-07-15,tablet,9924,1017274_2,47499,Bangkok,Thailand
1017274,2024-07-15,2024-07-17,tablet,9924,1017274_2,51517,Dubai, United Arab Emirates
10173,2024-09-18,2024-09-19,desktop,8436,10173_1,2748,Guangzhou, China
10173,2024-09-21,2024-09-22,desktop,8436,10173_1,46854,Shanghai, China
1017648,2024-09-29,2024-10-03,desktop,342,1017648_1,51291,Los Angeles,United States
1017687,2024-08-23,2024-08-24,mobile,9924,1017687_1,36073,Seoul, South Korea
1017687,2024-08-24,2024-08-25,mobile,9924,1017687_1,60143,Jeju,South Africa
101773,2024-12-22,2024-12-24,desktop,1552,101773_1,30520,Las Vegas,United States
1017783,2025-01-19,2025-01-20,desktop,2661,1017783_1,17127,New York City,United States
1017783,2025-01-20,2025-01-22,desktop,2661,1017783_1,9608,Washington D.C.,United States
1017783,2025-01-22,2025-01-24,desktop,2661,1017783_1,55128,Miami,United States
1017783,2025-01-24,2025-01-27,desktop,2661,1017783_1,64876,Las Vegas,United States
1017783,2025-01-27,2025-01-28,desktop,9924,1017783_1,47378,Philadelphia,United States
1017783,2025-01-28,2025-01-31,desktop,7974,1017783_1,36063,Mecca, Saudi Arabia
1017783,2025-02-04,2025-02-07,desktop,7974,1017783_1,3763,New York City,United States
1017841,2024-12-18,2024-12-19,desktop,9924,1017841_2,56198,Bristol, United Kingdom
1017877,2025-02-12,2025-02-13,desktop,4541,1017877_1,6582,Paris, France
1017983,2024-07-02,2024-07-11,desktop,9924,1017983_1,44869,Edinburgh, United Kingdom
1017983,2024-07-03,2024-07-10,desktop,774,1017983_1,27404,Chicago,United States
1018205,2024-08-29,2024-09-01,desktop,8436,1018205_1,48483,New York City,United States
1018205,2024-09-04,2024-09-06,desktop,620,1018205_1,8750,Houston,United States
1054618,2024-08-06,2024-08-09,mobile,359,1054618_2,26235,Phuket, Thailand
1054852,2024-08-03,2024-08-16,mobile,359,1054852_1,47527,Fukuoka,Japan
1054873,2024-07-19,2024-07-21,desktop,4541,1054873_1,52571,Salzburg, Austria
105495,2024-08-15,2024-08-18,mobile,359,105495_3,16521,Kuala Lumpur, Malaysia
105495,2024-08-20,2024-08-21,mobile,359,105495_3,28154,Sydney, Australia
1055047,2024-08-25,2024-08-27,desktop,384,1055047_1,2748,Guangzhou, China
1055256,2024-04-03,2024-04-05,desktop,7974,1055256_1,19444,Toronto, Canada
1055256,2024-04-05,2024-04-07,desktop,2605,1055256_1,17127,New York City,United States
1055256,2024-04-08,2024-04-10,desktop,8065,1055256_1,64876,Las Vegas,United States
1055256,2024-04-10,2024-04-11,desktop,8065,1055256_1,62185,Prague, Czech Republic
1055337,2024-12-17,2024-12-19,desktop,5755,1055337_1,47499,Bangkok,Thailand
1055337,2024-12-19,2024-12-26,desktop,9924,1055337_1,10485,Chiang Mai,Thailand
1055523,2024-09-01,2024-09-04,mobile,359,1055523_6,53859,Manchester, United Kingdom
1055528,2024-01-22,2024-01-23,desktop,9924,1055528_1,60274,Jakarta, Indonesia
1055528,2024-01-23,2024-01-25,desktop,9924,1055528_1,45188,Dublin, Ireland
1055585,2025-01-16,2025-01-18,desktop,8304,1055585_1,10485,Chiang Mai,Thailand
1028169,2024-07-01,2024-07-03,mobile,359,1028169_4,31057,Pattaya,Thailand
1028169,2024-07-03,2024-07-05,mobile,359,1028169_4,14549,Phuket,Thailand
1028169,2024-07-06,2024-07-11,mobile,359,1028169_4,10485,Chiang Mai,Thailand
1028465,2024-07-23,2024-07-24,desktop,7307,1028465_1,699,Dallas,United States
1028465,2024-07-26,2024-07-31,desktop,7307,1028465_1,21033,Atlanta,United States
1028707,2024-10-02,2024-10-03,mobile,359,1028707_1,58413,Atlanta,United States
1028707,2024-10-05,2024-10-06,mobile,359,1028707_1,23921,San Francisco,United States
1028734,2024-05-01,2024-05-03,desktop,8094,1028734_1,12308,Jaipur, India
1029019,2024-10-11,2024-10-13,desktop,384,1029019_1,13530,Chiang Mai, Thailand
1029334,2024-05-08,2024-05-09,mobile,359,1029334_1,60143,Jeju,South Africa
1029334,2024-05-10,2024-05-11,mobile,359,1029334_1,735,Seoul, South Korea
1029334,2024-05-11,2024-05-13,mobile,359,1029334_1,8766,Cape Town,South Africa
1030158,2024-06-15,2024-06-17,desktop,774,1030158_1,52818,Liverpool, United Kingdom
1030158,2024-06-17,2024-06-21,desktop,2739,1030158_1,44869,Edinburgh, United Kingdom
1030239,2024-07-17,2024-07-18,tablet,3631,1030239_1,52571,Salzburg, Austria
1030239,2024-07-19,2024-07-20,desktop,9924,1030239_1,61320,Graz, Austria
1030537,2024-07-25,2024-07-29,desktop,8225,1030537_4,36073,Seoul, South Korea
1030586,2024-07-12,2024-07-15,desktop,9924,1030586_1,55763,Vienna, Austria
1030586,2024-07-15,2024-07-27,desktop,10497,1030586_1,55763,Vienna, Austria
1030587,2024-12-07,2024-12-08,desktop,5357,1030587_7,56198,Bristol, United Kingdom
1028169,2024-06-25,2024-06-30,mobile,359,1028169_4,47499,Bangkok,Thailand
1018982,2024-04-09,2024-04-10,desktop,9924,1018982_1,36073,Seoul, South Korea
101906,2024-11-05,2024-11-07,tablet,4541,101906_1,47976,Tokyo,Japan
1019198,2024-07-21,2024-07-22,desktop,7974,1019198_1,26436,Cancún, Mexico
1019198,2024-07-22,2024-07-24,mobile,359,1019198_1,26436,Cancún, Mexico
1019198,2024-07-24,2024-07-26,mobile,359,1019198_1,2369,Mexico City, Mexico
1019198,2024-07-26,2024-07-27,mobile,359,1019198_1,46026,Mexico City, Mexico
1019301,2024-02-17,2024-02-20,mobile,359,1019301_1,47486,Kyoto,Japan
101967,2024-03-29,2024-03-30,desktop,384,101967_2,52571,Salzburg, Austria
101976,2024-06-29,2024-07-02,desktop,9924,101976_1,66815,Orlando,United States
1019807,2024-07-12,2024-07-13,desktop,384,1019807_2,8750,Houston,United States
1019807,2024-07-13,2024-07-15,desktop,9598,1019807_2,65322,Boston,United States
1019807,2024-07-16,2024-07-19,desktop,384,1019807_2,23921,San Francisco,United States
1019836,2024-03-01,2024-03-07,desktop,9924,1019836_2,31890,Brussels, Belgium
1019836,2024-03-07,2024-03-08,desktop,9924,1019836_2,49668,Brussels, Belgium
1019837,2024-08-11,2024-08-13,desktop,4235,1019837_1,6788,Houston,United States
1019837,2024-08-13,2024-08-15,desktop,4235,1019837_1,9608,Washington D.C.,United States
1019837,2024-08-15,2024-08-17,desktop,4235,1019837_1,21033,Atlanta,United States
1019893,2024-05-08,2024-05-10,mobile,9452,1019893_1,9608,Washington D.C.,United States
1019893,2024-05-10,2024-05-12,mobile,9452,1019893_1,17127,New York City,United States
1019893,2024-05-12,2024-05-15,tablet,9452,1019893_1,3763,New York City,United States
1019893,2024-05-15,2024-05-16,tablet,9452,1019893_1,3505,Honolulu,United States
1019893,2024-05-16,2024-05-18,tablet,9452,1019893_1,30520,Las Vegas,United States
1019893,2024-05-18,2024-05-21,tablet,9452,1019893_1,51291,Los Angeles,United States
1019988,2024-10-24,2024-10-25,desktop,5755,1019988_1,55196,Muğla, Turkey
1019988,2024-10-25,2024-10-28,desktop,4541,1019988_1,21929,Antalya, Turkey
102018,2024-09-02,2024-09-03,mobile,2803,102018_1,47486,Kyoto,Japan
102018,2024-09-03,2024-09-05,mobile,359,102018_1,3082,Chiba,Japan
1020191,2024-09-15,2024-09-17,desktop,9924,1020191_2,28829,Honolulu,United States
102021,2024-10-13,2024-10-14,desktop,3634,102021_1,36073,Seoul, South Korea
1020367,2024-08-17,2024-08-21,mobile,359,1020367_1,17127,New York City,United States
1020811,2024-08-13,2024-08-15,desktop,9924,1020811_2,52571,Salzburg, Austria
102100,2024-01-21,2024-01-23,desktop,9924,102100_1,16521,Kuala Lumpur, Malaysia
102100,2024-01-23,2024-01-24,desktop,9924,102100_1,21929,Antalya, Turkey
102100,2024-01-24,2024-01-25,desktop,9924,102100_1,28154,Sydney, Australia
102100,2024-01-25,2024-01-28,desktop,9924,102100_1,62185,Prague, Czech Republic
1021248,2024-07-14,2024-07-15,mobile,9452,1021248_1,36063,Mecca, Saudi Arabia
1021373,2024-07-31,2024-08-03,tablet,3631,1021373_2,55128,Miami,United States
1021373,2024-08-03,2024-08-05,tablet,3631,1021373_2,14827,Orlando,United States
1021373,2024-08-09,2024-08-11,tablet,3631,1021373_2,47378,Philadelphia,United States
1021373,2024-08-11,2024-08-12,tablet,3631,1021373_2,21033,Atlanta,United States
1021413,2024-10-19,2024-10-22,tablet,9924,1021413_3,28154,Sydney, Australia
1021413,2024-10-22,2024-10-24,tablet,9924,1021413_3,16521,Kuala Lumpur, Malaysia
1021413,2024-10-24,2024-10-26,tablet,9924,1021413_3,29770,York, United Kingdom
1021413,2024-10-26,2024-10-27,tablet,9924,1021413_3,64269,Vancouver, Canada
1021413,2024-10-27,2024-10-28,tablet,9924,1021413_3,55196,Muğla, Turkey
1021432,2024-04-06,2024-04-07,mobile,359,1021432_3,28829,Honolulu,United States
1021481,2024-05-21,2024-05-27,desktop,9924,1021481_1,17013,Rome, Italy
1021481,2024-05-27,2024-06-01,desktop,9924,1021481_1,60222,Milan, Italy
1021567,2024-03-10,2024-03-12,desktop,9924,1021567_1,47499,Bangkok,Thailand
1021894,2024-09-14,2024-09-18,mobile,359,1021894_2,55763,Vienna, Austria
1022070,2024-09-28,2024-09-29,desktop,9924,1022070_1,55763,Vienna, Austria
1022101,2024-09-16,2024-09-17,desktop,9924,1022101_2,13530,Chiang Mai, Thailand
1022101,2024-09-19,2024-09-21,desktop,9924,1022101_2,26235,Phuket, Thailand
102233,2024-08-15,2024-08-16,desktop,9924,102233_1,53207,Berlin, Germany
1022382,2024-10-17,2024-10-18,mobile,359,1022382_1,66815,Orlando,United States
1022382,2024-10-18,2024-10-19,mobile,359,1022382_1,58413,Atlanta,United States
1022382,2024-10-19,2024-10-20,mobile,359,1022382_1,23921,San Francisco,United States
1022476,2024-12-30,2025-01-01,mobile,9452,1022476_10,58413,Atlanta,United States
1022476,2025-01-01,2025-01-03,mobile,9452,1022476_10,23921,San Francisco,United States
1022486,2024-10-14,2024-10-15,tablet,2436,1022486_1,47759,Hong Kong, Hong Kong
1022553,2024-04-15,2024-04-16,desktop,9924,1022553_1,52818,Liverpool, United Kingdom
1022553,2024-04-16,2024-04-18,desktop,9848,1022553_1,29770,York, United Kingdom
1022715,2024-06-01,2024-06-03,desktop,9924,1022715_1,46258,London, United Kingdom
1022715,2024-06-03,2024-06-06,desktop,9924,1022715_1,36063,Mecca, Saudi Arabia
1022721,2024-09-05,2024-09-07,desktop,3449,1022721_1,2416,Cairo, Egypt
1022721,2024-09-07,2024-09-10,desktop,2803,1022721_1,28479,Cairo, Egypt
1022721,2024-09-10,2024-09-13,desktop,7774,1022721_1,7246,Hurghada, Egypt
1022739,2024-03-17,2024-03-25,desktop,9924,1022739_1,19771,Johannesburg,South Africa
1022739,2024-03-25,2024-03-29,desktop,9924,1022739_1,7410,Amsterdam, Netherlands
1022786,2024-09-24,2024-09-27,desktop,9924,1022786_1,58178,Medina, Saudi Arabia
1022786,2024-09-28,2024-09-30,desktop,9924,1022786_1,1034,Dammam, Saudi Arabia
1022786,2024-09-30,2024-10-03,desktop,9924,1022786_1,51291,Los Angeles,United States
1022894,2024-12-19,2024-12-20,mobile,359,1022894_3,53859,Manchester, United Kingdom
1022894,2024-12-22,2024-12-24,mobile,359,1022894_3,29770,York, United Kingdom
1022894,2024-12-24,2024-12-26,mobile,359,1022894_3,64269,Vancouver, Canada
1022894,2024-12-26,2024-12-27,mobile,359,1022894_3,36170,Montreal, Canada
1022894,2024-12-27,2024-12-28,mobile,359,1022894_3,19444,Toronto, Canada
1022894,2024-12-28,2024-12-29,mobile,359,1022894_3,43306,Montreal, Canada
1022894,2024-12-29,2024-12-31,mobile,359,1022894_3,37689,Riyadh, Saudi Arabia
1023078,2024-04-12,2024-04-15,desktop,8979,1023078_1,51517,Dubai, United Arab Emirates
1048704,2024-02-18,2024-02-20,desktop,2463,1048704_2,55284,Brussels, Belgium
1048792,2024-08-17,2024-08-19,desktop,9924,1048792_1,55128,Miami,United States
1048792,2024-08-19,2024-08-20,desktop,9924,1048792_1,9608,Washington D.C.,United States
1048792,2024-08-20,2024-08-21,mobile,384,1048792_1,40521,Boston,United States
1048792,2024-08-21,2024-08-22,desktop,384,1048792_1,64876,Las Vegas,United States
1049063,2024-06-12,2024-06-16,mobile,359,1049063_1,4932,Florence, Italy
1049063,2024-06-13,2024-06-15,mobile,10332,1049063_1,60222,Milan, Italy
1049110,2024-08-05,2024-08-07,desktop,9924,1049110_1,55128,Miami,United States
1049110,2024-08-10,2024-08-11,desktop,384,1049110_1,9608,Washington D.C.,United States
1049110,2024-08-11,2024-08-12,desktop,9924,1049110_1,6788,Houston,United States
1049160,2024-04-26,2024-04-29,desktop,8094,1049160_1,382,Chicago,United States
1049163,2024-01-11,2024-01-12,mobile,359,1049163_1,47499,Bangkok,Thailand
1049225,2024-10-25,2024-10-26,tablet,3564,1049225_1,17127,New York City,United States
1049490,2024-11-01,2024-11-03,desktop,8436,1049490_1,38677,Dallas,United States
1049490,2024-11-03,2024-11-04,mobile,10546,1049490_1,48968,Honolulu,United States
1049490,2024-11-05,2024-11-06,mobile,10546,1049490_1,8335,Savannah,United States
1049857,2024-10-02,2024-10-04,desktop,9924,1049857_3,48483,New York City,United States
1049857,2024-10-04,2024-10-05,desktop,9627,1049857_3,5325,Miami,United States
1050001,2024-08-01,2024-08-02,mobile,5357,1050001_1,47976,Tokyo,Japan
1050169,2024-12-21,2024-12-28,desktop,9924,1050169_3,17127,New York City,United States
1050169,2024-12-22,2024-12-27,desktop,9924,1050169_3,9608,Washington D.C.,United States
105021,2024-05-19,2024-05-21,desktop,384,105021_1,55128,Miami,United States
1050229,2024-05-24,2024-05-26,desktop,384,1050229_1,13530,Chiang Mai, Thailand
1050229,2024-05-26,2024-05-29,desktop,9924,1050229_1,26235,Phuket, Thailand
1050229,2024-05-29,2024-05-30,tablet,3631,1050229_1,13150,Krabi, Thailand
1050263,2024-11-09,2024-11-12,desktop,9924,1050263_4,42356,Ha Long, Vietnam
1050390,2024-08-21,2024-08-23,desktop,8132,1050390_2,66648,Orlando,United States
1050390,2024-08-24,2024-08-27,desktop,8132,1050390_2,26235,Phuket, Thailand
1050390,2024-08-28,2024-08-29,desktop,4668,1050390_2,18417,San Francisco,United States
1050487,2024-09-10,2024-09-12,mobile,6089,1050487_1,6788,Houston,United States
1050579,2024-02-17,2024-02-18,desktop,5755,1050579_1,30520,Las Vegas,United States
1050579,2024-02-19,2024-02-20,mobile,8953,1050579_1,18417,San Francisco,United States
1050674,2024-07-09,2024-07-11,desktop,10332,1050674_1,47499,Bangkok,Thailand
1050820,2024-02-05,2024-02-06,desktop,9924,1050820_1,7410,Amsterdam, Netherlands
1050820,2024-02-07,2024-02-08,mobile,359,1050820_1,7410,Amsterdam, Netherlands
1050845,2024-01-13,2024-01-14,desktop,9924,1050845_1,49668,Brussels, Belgium
1050845,2024-01-15,2024-01-16,desktop,9924,1050845_1,35997,Brussels, Belgium
1050845,2024-01-16,2024-01-18,desktop,9924,1050845_1,31890,Brussels, Belgium
1050845,2024-01-18,2024-01-19,desktop,9924,1050845_1,55284,Brussels, Belgium
1050845,2024-01-19,2024-01-20,desktop,9924,1050845_1,67176,Brussels, Belgium
1050845,2024-01-20,2024-01-21,desktop,9924,1050845_1,22297,Brussels, Belgium
1050906,2024-07-17,2024-07-18,desktop,1195,1050906_1,7410,Amsterdam, Netherlands
1050906,2024-07-23,2024-07-24,desktop,2674,1050906_1,7410,Amsterdam, Netherlands
105110,2024-12-07,2024-12-08,desktop,9924,105110_1,55,Las Vegas,United States
105110,2024-12-08,2024-12-09,desktop,9924,105110_1,29319,Los Angeles,United States
105110,2024-12-14,2024-12-15,desktop,9924,105110_2,23921,San Francisco,United States
1051183,2024-08-13,2024-08-14,desktop,9924,1051183_9,55763,Vienna, Austria
1051188,2024-09-13,2024-09-20,desktop,1931,1051188_3,33022,Madrid, Spain
1051495,2024-07-28,2024-07-30,desktop,384,1051495_1,55128,Miami,United States
1051495,2024-07-30,2024-08-01,desktop,384,1051495_1,14827,Orlando,United States
1051507,2024-06-26,2024-07-10,desktop,9924,1051507_1,17013,Rome, Italy
1051638,2024-08-08,2024-08-09,desktop,5154,1051638_1,17127,New York City,United States
1051638,2024-08-09,2024-08-12,desktop,5154,1051638_1,36063,Mecca, Saudi Arabia
1051831,2024-08-14,2024-08-17,desktop,9924,1051831_1,51291,Los Angeles,United States
1051831,2024-08-17,2024-08-20,desktop,9924,1051831_1,9608,Washington D.C.,United States
1051901,2024-08-01,2024-08-02,desktop,3467,1051901_1,43306,Montreal, Canada
1051901,2024-08-07,2024-08-08,desktop,384,1051901_2,17127,New York City,United States
1051949,2024-07-06,2024-07-07,desktop,4541,1051949_1,53859,Manchester, United Kingdom
1052086,2024-04-02,2024-04-03,desktop,9924,1052086_1,23714,Miami,United States
1052086,2024-04-03,2024-04-05,desktop,9924,1052086_1,30520,Las Vegas,United States
1052086,2024-04-05,2024-04-06,desktop,9924,1052086_1,18417,San Francisco,United States
1052124,2024-10-23,2024-10-24,tablet,9924,1052124_1,23921,San Francisco,United States
1052124,2024-10-29,2024-10-31,mobile,9924,1052124_1,22175,Philadelphia,United States
1052124,2024-10-31,2024-11-02,mobile,9924,1052124_1,65322,Boston,United States
1052124,2024-11-02,2024-11-03,mobile,9924,1052124_1,8750,Houston,United States
1052170,2024-02-13,2024-02-15,mobile,359,1052170_1,47486,Kyoto,Japan
1052170,2024-02-16,2024-02-19,mobile,359,1052170_1,47976,Tokyo,Japan
1052222,2024-10-12,2024-10-14,desktop,5080,1052222_1,53859,Manchester, United Kingdom
1052264,2024-09-05,2024-09-07,desktop,8436,1052264_1,51765,Munich, Germany
105227,2024-05-18,2024-05-21,desktop,384,105227_1,13530,Chiang Mai, Thailand
105227,2024-05-21,2024-05-23,desktop,9924,105227_1,21480,Pattaya, Thailand
105227,2024-05-23,2024-05-26,desktop,9924,105227_1,26235,Phuket, Thailand
1052283,2024-02-28,2024-02-29,desktop,9288,1052283_1,28829,Honolulu,United States
1052283,2024-02-29,2024-03-03,desktop,384,1052283_1,20345,San Francisco,United States
105234,2024-10-07,2024-10-22,desktop,5513,105234_1,2416,Cairo, Egypt
105234,2024-10-08,2024-10-10,desktop,5513,105234_1,7246,Hurghada, Egypt
1052629,2024-08-17,2024-08-19,mobile,359,1052629_1,48483,New York City,United States
1052629,2024-08-22,2024-08-23,mobile,359,1052629_1,55,Las Vegas,United States
1052827,2024-10-04,2024-10-06,desktop,9924,1052827_1,62541,Dallas,United States
1042142,2024-07-14,2024-07-16,desktop,9924,1042142_1,62185,Prague, Czech Republic
1042147,2024-02-28,2024-03-11,desktop,1931,1042147_2,2416,Cairo, Egypt
1042147,2024-03-02,2024-03-06,desktop,1931,1042147_2,47193,Hurghada, Egypt
1042322,2024-07-05,2024-07-06,desktop,2661,1042322_1,13931,Portland,United States
1042322,2024-07-08,2024-07-10,desktop,2661,1042322_1,48483,New York City,United States
1042410,2024-09-11,2024-09-12,desktop,9924,1042410_1,8335,Savannah,United States
1042410,2024-09-12,2024-09-13,desktop,9924,1042410_1,38677,Dallas,United States
1042445,2024-09-05,2024-09-08,desktop,9924,1042445_1,55196,Muğla, Turkey
1042445,2024-09-08,2024-09-10,mobile,359,1042445_1,48343,Istanbul, Turkey
1042445,2024-09-10,2024-09-14,mobile,6934,1042445_1,48343,Istanbul, Turkey
1042638,2024-05-14,2024-05-15,mobile,359,1042638_1,22065,Beijing, China
1042638,2024-05-21,2024-05-24,mobile,359,1042638_1,46854,Shanghai, China
1042765,2025-01-29,2025-02-01,mobile,359,1042765_2,51291,Los Angeles,United States
1042765,2025-02-01,2025-02-02,mobile,359,1042765_2,66648,Orlando,United States
1042765,2025-02-02,2025-02-03,mobile,359,1042765_2,18417,San Francisco,United States
1042772,2024-07-26,2024-07-30,desktop,9924,1042772_1,61320,Graz, Austria
1043187,2024-08-06,2024-08-08,mobile,359,1043187_1,51291,Los Angeles,United States
1043187,2024-08-08,2024-08-09,mobile,359,1043187_1,30520,Las Vegas,United States
1043187,2024-08-09,2024-08-10,mobile,359,1043187_1,66648,Orlando,United States
104340,2025-01-10,2025-01-11,desktop,9924,104340_1,21328,Washington D.C.,United States
104340,2025-01-11,2025-01-12,desktop,9924,104340_1,8335,Savannah,United States
1043547,2024-04-08,2024-04-09,desktop,9924,1043547_1,52818,Liverpool, United Kingdom
1043547,2024-04-10,2024-04-11,desktop,9924,1043547_1,16521,Kuala Lumpur, Malaysia
1043547,2024-04-11,2024-04-12,mobile,384,1043547_1,16521,Kuala Lumpur, Malaysia
1043597,2024-08-05,2024-08-13,desktop,10351,1043597_1,33022,Madrid, Spain
1043652,2024-03-29,2024-03-31,desktop,9924,1043652_1,16521,Kuala Lumpur, Malaysia
1043652,2024-04-01,2024-04-04,desktop,9924,1043652_1,21929,Antalya, Turkey
1043736,2024-06-15,2024-06-17,desktop,9598,1043736_2,61320,Graz, Austria
104392,2024-05-10,2024-05-12,desktop,4541,104392_1,55128,Miami,United States
104392,2024-05-23,2024-05-25,desktop,4541,104392_3,55196,Muğla, Turkey
104392,2024-05-25,2024-05-26,desktop,384,104392_3,55196,Muğla, Turkey
104392,2024-05-30,2024-06-01,desktop,5755,104392_3,21929,Antalya, Turkey
1044246,2024-08-22,2024-08-25,desktop,9924,1044246_1,29770,York, United Kingdom
1044246,2024-09-01,2024-09-04,desktop,9924,1044246_1,36063,Mecca, Saudi Arabia
1044265,2024-07-27,2024-07-29,mobile,359,1044265_1,21033,Atlanta,United States
1044265,2024-07-29,2024-07-31,desktop,4455,1044265_1,64876,Las Vegas,United States
1044265,2024-07-31,2024-08-02,desktop,4455,1044265_1,40521,Boston,United States
1044357,2024-05-08,2024-05-11,mobile,359,1044357_1,45188,Dublin, Ireland
1044357,2024-05-11,2024-05-14,mobile,359,1044357_1,36063,Mecca, Saudi Arabia
1044357,2024-05-14,2024-05-16,mobile,359,1044357_1,43306,Montreal, Canada
1044743,2024-12-04,2024-12-05,mobile,359,1044743_4,14549,Phuket,Thailand
1044791,2024-07-09,2024-07-11,desktop,4568,1044791_1,29319,Los Angeles,United States
1044791,2024-07-11,2024-07-14,desktop,9924,1044791_1,23921,San Francisco,United States
1044791,2024-07-14,2024-07-15,desktop,9924,1044791_1,58413,Atlanta,United States
1044908,2024-07-06,2024-07-08,tablet,3631,1044908_3,31890,Brussels, Belgium
1044908,2024-07-08,2024-07-10,tablet,3631,1044908_3,55284,Brussels, Belgium
1044908,2024-07-10,2024-07-12,tablet,3631,1044908_3,22297,Brussels, Belgium
1044908,2024-10-03,2024-10-04,mobile,359,1044908_4,26436,Cancún, Mexico
1045172,2024-05-04,2024-05-07,mobile,8600,1045172_2,23921,San Francisco,United States
1045172,2024-05-07,2024-05-08,mobile,8600,1045172_2,29319,Los Angeles,United States
1045253,2024-03-24,2024-03-25,desktop,1931,1045253_1,48343,Istanbul, Turkey
1045253,2024-03-25,2024-03-27,desktop,1931,1045253_1,55196,Muğla, Turkey
1045260,2024-07-15,2024-07-17,desktop,7974,1045260_1,46026,Mexico City, Mexico
1045260,2024-07-17,2024-07-18,desktop,7974,1045260_1,19448,Cancún, Mexico
1045276,2024-10-10,2024-10-13,desktop,8436,1045276_1,36063,Mecca, Saudi Arabia
1045343,2024-07-02,2024-07-03,desktop,3417,1045343_2,52818,Liverpool, United Kingdom
1045343,2024-07-05,2024-07-07,mobile,359,1045343_2,46258,London, United Kingdom
1045343,2024-07-09,2024-07-10,desktop,8521,1045343_2,16521,Kuala Lumpur, Malaysia
104550,2024-03-30,2024-03-31,mobile,7974,104550_3,17127,New York City,United States
104550,2024-03-31,2024-04-01,mobile,1432,104550_3,9608,Washington D.C.,United States
104550,2024-04-01,2024-04-04,mobile,1432,104550_3,55128,Miami,United States
1045598,2024-03-12,2024-03-14,desktop,9924,1045598_1,47499,Bangkok,Thailand
1045980,2024-07-31,2024-08-02,desktop,3074,1045980_1,64876,Las Vegas,United States
1046252,2024-10-18,2024-10-19,desktop,9924,1046252_1,29770,York, United Kingdom
1046252,2024-10-19,2024-10-20,desktop,9924,1046252_1,58741,Jerusalem, Israel
1046466,2024-08-01,2024-08-06,tablet,9924,1046466_10,25025,Johannesburg,South Africa
1046466,2024-08-06,2024-08-13,tablet,9924,1046466_10,51517,Dubai, United Arab Emirates
1046466,2024-08-13,2024-08-15,desktop,11,1046466_10,25025,Johannesburg,South Africa
1046466,2024-12-14,2024-12-18,tablet,9924,1046466_15,36063,Mecca, Saudi Arabia
1046466,2024-03-26,2024-04-04,mobile,9924,1046466_3,36063,Mecca, Saudi Arabia
1046466,2024-04-04,2024-04-05,tablet,9924,1046466_3,55763,Vienna, Austria
1046470,2024-10-24,2024-10-30,mobile,2436,1046470_1,38677,Dallas,United States
1046470,2024-10-26,2024-10-28,mobile,384,1046470_1,21328,Washington D.C.,United States
104658,2024-05-06,2024-05-07,mobile,359,104658_1,46258,London, United Kingdom
1046830,2024-05-07,2024-05-08,desktop,9924,1046830_1,52818,Liverpool, United Kingdom
1046847,2024-08-24,2024-08-25,desktop,9598,1046847_2,31890,Brussels, Belgium
104689,2024-03-04,2024-03-07,desktop,3134,104689_1,36170,Montreal, Canada
104689,2024-03-07,2024-03-09,desktop,3134,104689_1,29770,York, United Kingdom
104689,2024-03-09,2024-03-10,desktop,3134,104689_1,52818,Liverpool, United Kingdom
1046970,2024-06-15,2024-06-16,desktop,384,1046970_1,62541,Dallas,United States
1041507,2024-11-04,2024-11-05,mobile,9924,1041507_1,60274,Jakarta, Indonesia
1041526,2024-08-14,2024-08-15,desktop,2436,1041526_1,66648,Orlando,United States
1041596,2024-06-21,2024-06-24,mobile,359,1041596_1,47499,Bangkok,Thailand
1041596,2024-06-26,2024-06-28,mobile,359,1041596_1,47486,Kyoto,Japan
1041598,2025-01-29,2025-01-31,mobile,359,1041598_3,8766,Cape Town,South Africa
1041598,2025-01-31,2025-02-02,mobile,359,1041598_3,735,Seoul, South Korea
1041601,2024-09-29,2024-10-02,desktop,11,1041601_1,17013,Rome, Italy
1041601,2024-10-03,2024-10-05,desktop,11,1041601_1,60222,Milan, Italy
1041717,2024-08-06,2024-08-07,desktop,9924,1041717_2,43306,Montreal, Canada
1041717,2024-08-08,2024-08-09,desktop,9924,1041717_2,19444,Toronto, Canada
1041850,2025-02-02,2025-02-04,desktop,2661,1041850_1,6582,Paris, France
1041850,2025-02-08,2025-02-09,desktop,9924,1041850_1,6582,Paris, France
1041971,2024-12-02,2024-12-05,desktop,4541,1041971_1,47499,Bangkok,Thailand
1041971,2024-12-05,2024-12-08,desktop,4541,1041971_1,42356,Ha Long, Vietnam
1041971,2024-12-12,2024-12-13,mobile,359,1041971_1,42356,Ha Long, Vietnam
1042013,2024-05-21,2024-05-23,desktop,9924,1042013_1,13150,Krabi, Thailand
1042025,2024-06-19,2024-06-21,desktop,3451,1042025_1,4932,Florence, Italy
1042025,2024-06-21,2024-06-25,desktop,3451,1042025_1,17013,Rome, Italy
104203,2024-08-11,2024-08-13,desktop,10332,104203_1,47378,Philadelphia,United States
1042083,2024-06-17,2024-06-20,mobile,9924,1042083_1,17127,New York City,United States
1035940,2024-07-30,2024-08-03,mobile,359,1035940_1,8335,Savannah,United States
1035940,2024-08-01,2024-08-02,mobile,359,1035940_1,21328,Washington D.C.,United States
1035968,2024-08-11,2024-08-12,tablet,3631,1035968_1,46854,Shanghai, China
1035968,2024-08-16,2024-08-18,tablet,3631,1035968_1,2748,Guangzhou, China
1035968,2024-08-18,2024-08-23,tablet,3631,1035968_1,22065,Beijing, China
1036129,2024-11-04,2024-11-05,desktop,9924,1036129_1,55,Las Vegas,United States
1036129,2024-11-05,2024-11-07,desktop,9924,1036129_1,29319,Los Angeles,United States
1036129,2024-11-07,2024-11-09,desktop,9924,1036129_1,21987,New Orleans,United States
1036129,2024-11-09,2024-11-10,desktop,9924,1036129_1,65322,Boston,United States
1036129,2024-11-10,2024-11-11,desktop,9924,1036129_1,23921,San Francisco,United States
1036153,2024-09-26,2024-09-30,desktop,9924,1036153_1,26436,Cancún, Mexico
1036222,2024-11-02,2024-11-03,desktop,384,1036222_1,26235,Phuket, Thailand
1036222,2024-11-03,2024-11-04,desktop,4541,1036222_1,26235,Phuket, Thailand
1036222,2024-11-04,2024-11-05,desktop,10332,1036222_1,13530,Chiang Mai, Thailand
1036222,2024-11-05,2024-11-06,desktop,384,1036222_1,13530,Chiang Mai, Thailand
1036388,2024-09-30,2024-10-01,desktop,83,1036388_1,17127,New York City,United States
1036388,2024-10-01,2024-10-02,desktop,83,1036388_1,47378,Philadelphia,United States
1036388,2024-10-02,2024-10-04,desktop,83,1036388_1,55128,Miami,United States
1036388,2024-10-04,2024-10-05,desktop,3530,1036388_1,9608,Washington D.C.,United States
1004745,2024-07-22,2024-07-25,desktop,2230,1004745_1,55128,Miami,United States
1004745,2024-07-25,2024-07-27,desktop,9924,1004745_1,64876,Las Vegas,United States
1004764,2024-07-18,2024-07-20,mobile,7539,1004764_1,64876,Las Vegas,United States
1004764,2024-07-20,2024-07-23,mobile,359,1004764_1,382,Chicago,United States
1005436,2024-06-04,2024-06-09,desktop,3449,1005436_1,52815,Barcelona, Spain
1005436,2024-06-09,2024-06-16,mobile,9452,1005436_1,33022,Madrid, Spain
1005701,2024-05-19,2024-05-20,desktop,9598,1005701_1,52571,Salzburg, Austria
1005765,2024-05-14,2024-05-16,desktop,4668,1005765_2,21480,Pattaya, Thailand
1005776,2024-08-19,2024-08-21,desktop,4541,1005776_1,9608,Washington D.C.,United States
1005776,2024-08-21,2024-08-23,desktop,4541,1005776_1,55128,Miami,United States
1005811,2024-03-09,2024-03-10,mobile,359,1005811_1,53859,Manchester, United Kingdom
1005944,2024-05-25,2024-05-27,mobile,359,1005944_1,14549,Phuket,Thailand
1006092,2024-02-08,2024-02-09,desktop,3417,1006092_2,8766,Cape Town,South Africa
1006092,2024-02-09,2024-02-10,desktop,3417,1006092_2,51999,Durban,South Africa
1006212,2024-09-12,2024-09-14,desktop,774,1006212_5,16521,Kuala Lumpur, Malaysia
1006212,2024-09-14,2024-09-16,desktop,51,1006212_5,16521,Kuala Lumpur, Malaysia
1006317,2024-09-27,2024-09-30,desktop,384,1006317_1,26235,Phuket, Thailand
1006317,2024-10-02,2024-10-03,tablet,9924,1006317_1,21480,Pattaya, Thailand
1006331,2024-07-08,2024-07-10,mobile,359,1006331_2,17127,New York City,United States
1006331,2024-07-10,2024-07-11,mobile,359,1006331_2,58178,Medina, Saudi Arabia
1006331,2024-07-11,2024-07-13,mobile,359,1006331_2,60002,Riyadh, Saudi Arabia
1018205,2024-09-06,2024-09-07,desktop,620,1018205_1,23921,San Francisco,United States
1018205,2024-09-07,2024-09-09,desktop,8436,1018205_1,29319,Los Angeles,United States
1018221,2024-08-16,2024-08-17,desktop,2436,1018221_1,37689,Riyadh, Saudi Arabia
1018221,2024-08-17,2024-08-19,desktop,2436,1018221_1,1034,Dammam, Saudi Arabia
1018337,2024-04-12,2024-04-17,desktop,5755,1018337_1,61320,Graz, Austria
1018337,2024-04-15,2024-04-16,desktop,384,1018337_1,52571,Salzburg, Austria
1018337,2024-04-17,2024-04-20,mobile,9924,1018337_1,55763,Vienna, Austria
1018344,2024-07-27,2024-07-30,mobile,9452,1018344_1,64876,Las Vegas,United States
1018344,2024-07-30,2024-08-02,mobile,9452,1018344_1,9608,Washington D.C.,United States
1018344,2024-08-02,2024-08-04,mobile,9452,1018344_1,55128,Miami,United States
1018350,2024-10-07,2024-10-10,desktop,9924,1018350_1,60222,Milan, Italy
1018418,2024-08-10,2024-08-12,mobile,9452,1018418_1,31890,Brussels, Belgium
101845,2024-06-19,2024-06-23,desktop,3521,101845_1,17013,Rome, Italy
101845,2024-06-26,2024-06-29,mobile,359,101845_1,60222,Milan, Italy
101845,2024-06-29,2024-07-01,desktop,3451,101845_1,60222,Milan, Italy
1018639,2024-09-01,2024-09-02,mobile,359,1018639_4,52933,Hong Kong, Hong Kong
1018639,2024-09-03,2024-09-04,mobile,359,1018639_4,47759,Hong Kong, Hong Kong
1018974,2024-01-18,2024-01-22,desktop,4568,1018974_1,51517,Dubai, United Arab Emirates
1018974,2024-01-22,2024-01-27,tablet,3631,1018974_1,51517,Dubai, United Arab Emirates
1018982,2024-04-07,2024-04-09,desktop,9924,1018982_1,19771,Johannesburg,South Africa
1011531,2024-12-11,2024-12-13,mobile,359,1011531_1,44869,Edinburgh, United Kingdom
1011574,2024-03-30,2024-04-02,desktop,9924,1011574_1,47976,Tokyo,Japan
1011574,2024-04-04,2024-04-07,desktop,9924,1011574_1,15990,Osaka,Japan
1011794,2024-01-29,2024-02-01,mobile,9452,1011794_1,10485,Chiang Mai,Thailand
1011794,2024-02-03,2024-02-04,mobile,9452,1011794_1,47499,Bangkok,Thailand
1012042,2024-08-19,2024-08-20,desktop,9924,1012042_1,20345,San Francisco,United States
1012065,2024-03-20,2024-03-21,mobile,359,1012065_1,23921,San Francisco,United States
1012353,2024-08-04,2024-08-07,desktop,9924,1012353_2,58741,Jerusalem, Israel
1012571,2024-08-05,2024-08-08,desktop,9627,1012571_1,47499,Bangkok,Thailand
1012571,2024-08-12,2024-08-15,desktop,384,1012571_1,10485,Chiang Mai,Thailand
1012712,2024-01-12,2024-01-13,desktop,9924,1012712_1,44869,Edinburgh, United Kingdom
1012736,2024-04-30,2024-05-01,mobile,359,1012736_1,64824,Kolkata, India
1012861,2024-01-27,2024-01-30,mobile,359,1012861_1,10485,Chiang Mai,Thailand
1012861,2024-02-02,2024-02-07,mobile,359,1012861_1,31057,Pattaya,Thailand
1012861,2024-02-07,2024-02-12,mobile,359,1012861_1,9526,Krabi,Thailand
1012926,2024-11-04,2024-11-09,mobile,359,1012926_3,9526,Krabi,Thailand
1013298,2024-11-04,2024-11-06,desktop,8521,1013298_1,16521,Kuala Lumpur, Malaysia
1013298,2024-11-06,2024-11-07,desktop,3530,1013298_1,63418,Johor Bahru, Malaysia
1013298,2024-11-08,2024-11-09,desktop,3634,1013298_1,55196,Muğla, Turkey
1023167,2024-07-18,2024-07-20,desktop,2436,1023167_1,13530,Chiang Mai, Thailand
1023201,2024-08-23,2024-08-26,desktop,10332,1023201_1,45188,Dublin, Ireland
1023288,2025-01-31,2025-02-03,mobile,359,1023288_1,4932,Florence, Italy
1023288,2025-02-03,2025-02-06,desktop,3417,1023288_1,60222,Milan, Italy
1023288,2025-02-06,2025-02-07,mobile,359,1023288_1,50957,Florence, Italy
1023462,2024-08-09,2024-08-11,desktop,2436,1023462_1,13530,Chiang Mai, Thailand
1023462,2024-08-11,2024-08-18,desktop,8436,1023462_1,13150,Krabi, Thailand
1023581,2024-12-26,2024-12-27,desktop,9924,1023581_1,45188,Dublin, Ireland
1023581,2024-12-29,2024-12-30,desktop,9924,1023581_1,52818,Liverpool, United Kingdom
1023841,2024-08-08,2024-08-11,mobile,359,1023841_1,43306,Montreal, Canada
1023841,2024-08-14,2024-08-17,mobile,359,1023841_1,64269,Vancouver, Canada
1023991,2024-11-19,2024-11-21,desktop,8899,1023991_1,42356,Ha Long, Vietnam
1023991,2024-11-21,2024-11-24,desktop,8899,1023991_1,62611,Ho Chi Minh City, Vietnam
1024256,2024-05-18,2024-05-19,mobile,9452,1024256_1,60002,Riyadh, Saudi Arabia
1024256,2024-05-19,2024-05-20,mobile,9452,1024256_1,1034,Dammam, Saudi Arabia
1024286,2024-07-11,2024-07-18,mobile,359,1024286_1,10485,Chiang Mai,Thailand
1024750,2024-08-22,2024-08-23,desktop,384,1024750_4,51765,Munich, Germany
1024750,2024-08-23,2024-08-24,desktop,384,1024750_4,53207,Berlin, Germany
1024827,2024-08-07,2024-08-08,desktop,1471,1024827_1,699,Dallas,United States
1024827,2024-08-08,2024-08-10,desktop,1471,1024827_1,55128,Miami,United States
1046970,2024-06-16,2024-06-17,desktop,384,1046970_1,22490,San Jose,United States
1047140,2024-02-06,2024-02-07,mobile,359,1047140_1,2369,Mexico City, Mexico
1047140,2024-02-07,2024-02-08,mobile,359,1047140_1,26436,Cancún, Mexico
1047605,2025-01-29,2025-01-30,desktop,3530,1047605_1,47486,Kyoto,Japan
1047636,2024-10-03,2024-10-07,desktop,9924,1047636_3,46854,Shanghai, China
1047838,2024-09-02,2024-09-03,desktop,384,1047838_2,58413,Atlanta,United States
1047838,2024-09-04,2024-09-06,desktop,384,1047838_2,29319,Los Angeles,United States
1047838,2024-09-06,2024-09-07,desktop,384,1047838_2,55,Las Vegas,United States
1047838,2024-09-08,2024-09-10,desktop,384,1047838_2,5325,Miami,United States
1047896,2024-06-09,2024-06-12,mobile,9452,1047896_2,10485,Chiang Mai,Thailand
1047896,2024-06-12,2024-06-13,mobile,9452,1047896_2,47499,Bangkok,Thailand
1047896,2024-06-13,2024-06-17,tablet,384,1047896_2,47976,Tokyo,Japan
104792,2024-04-09,2024-04-10,desktop,9924,104792_1,56198,Bristol, United Kingdom
1048017,2024-07-19,2024-07-20,desktop,9924,1048017_1,64876,Las Vegas,United States
1048017,2024-07-20,2024-07-21,mobile,8132,1048017_1,64876,Las Vegas,United States
1048017,2024-07-27,2024-07-28,mobile,8065,1048017_1,64876,Las Vegas,United States
1048017,2024-10-19,2024-10-23,desktop,8065,1048017_2,6582,Paris, France
1048435,2024-07-03,2024-07-05,desktop,8521,1048435_1,26436,Cancún, Mexico
104847,2024-08-09,2024-08-11,mobile,359,104847_1,6582,Paris, France
1048704,2024-02-14,2024-02-16,desktop,2463,1048704_2,22297,Brussels, Belgium
1053129,2024-11-25,2024-11-26,desktop,9924,1053129_1,26345,Bangkok,Thailand
1053129,2024-11-30,2024-12-01,desktop,9924,1053129_1,47499,Bangkok,Thailand
105333,2024-08-01,2024-08-03,desktop,2436,105333_1,42356,Ha Long, Vietnam
105333,2024-08-03,2024-08-05,mobile,9452,105333_1,42356,Ha Long, Vietnam
105333,2024-08-05,2024-08-09,mobile,9452,105333_1,62611,Ho Chi Minh City, Vietnam
1053508,2024-07-06,2024-07-07,desktop,2135,1053508_5,17127,New York City,United States
1053508,2024-07-07,2024-07-08,mobile,2135,1053508_5,9608,Washington D.C.,United States
1053918,2024-08-19,2024-08-20,desktop,2535,1053918_1,36063,Mecca, Saudi Arabia
105391,2024-05-01,2024-05-03,desktop,8132,105391_2,47499,Bangkok,Thailand
105391,2024-05-03,2024-05-05,desktop,10332,105391_2,47499,Bangkok,Thailand
1053924,2024-09-17,2024-09-20,desktop,1074,1053924_2,13530,Chiang Mai, Thailand
1053924,2024-09-20,2024-09-23,desktop,9924,1053924_2,26235,Phuket, Thailand
1053924,2024-09-23,2024-09-26,desktop,1074,1053924_2,13150,Krabi, Thailand
1054211,2024-07-31,2024-08-01,desktop,9924,1054211_1,60002,Riyadh, Saudi Arabia
1054211,2024-08-01,2024-08-02,desktop,9924,1054211_1,58178,Medina, Saudi Arabia
1054211,2024-08-02,2024-08-03,desktop,9924,1054211_1,17127,New York City,United States
1054311,2024-09-07,2024-09-09,mobile,359,1054311_1,43306,Montreal, Canada
1054311,2024-09-09,2024-09-10,mobile,359,1054311_1,19444,Toronto, Canada
1054311,2024-09-10,2024-09-12,mobile,359,1054311_1,29770,York, United Kingdom
1054311,2024-09-12,2024-09-15,mobile,359,1054311_1,44869,Edinburgh, United Kingdom
1054343,2024-01-11,2024-01-12,mobile,359,1054343_1,36063,Mecca, Saudi Arabia